id,name,category_id,created_at,updated_at
1,アー ヴェ ヴェ,1,2019-03-21 17:00:00,2019-03-21 17:00:00
2,アーカー,1,2019-03-21 17:00:00,2019-03-21 17:00:00
3,アーキ,1,2019-03-21 17:00:00,2019-03-21 17:00:00
4,アークスタンダード,1,2019-03-21 17:00:00,2019-03-21 17:00:00
5,アークテリクス,1,2019-03-21 17:00:00,2019-03-21 17:00:00
6,アーサスベイプ,1,2019-03-21 17:00:00,2019-03-21 17:00:00
7,アートブラウン,2,2019-03-21 17:00:00,2019-03-21 17:00:00
8,アーネスト ソーン,2,2019-03-21 17:00:00,2019-03-21 17:00:00
9,アーノルド パーマー タイムレス,2,2019-03-21 17:00:00,2019-03-21 17:00:00
10,アーバン アウトフィッターズ,2,2019-03-21 17:00:00,2019-03-21 17:00:00
11,アーバンボビー,2,2019-03-21 17:00:00,2019-03-21 17:00:00
12,アーバン リサーチ,2,2019-03-21 17:00:00,2019-03-21 17:00:00
13,アーバンリサーチアイディー,2,2019-03-21 17:00:00,2019-03-21 17:00:00
14,アヴィレックス,3,2019-03-21 17:00:00,2019-03-21 17:00:00
15,赤ちゃんの城,3,2019-03-21 17:00:00,2019-03-21 17:00:00
16,アカチャンホンポ,3,2019-03-21 17:00:00,2019-03-21 17:00:00
17,アグ オーストラリア,3,2019-03-21 17:00:00,2019-03-21 17:00:00
18,アーリッカ,4,2019-03-21 17:00:00,2019-03-21 17:00:00
19,アイブイブイ,4,2019-03-21 17:00:00,2019-03-21 17:00:00
20,アイムプロダクト,4,2019-03-21 17:00:00,2019-03-21 17:00:00
21,アイリーン グレーン,4,2019-03-21 17:00:00,2019-03-21 17:00:00