id,item_id,image,created_at,updated_at,image_width,image_height
1,2,79c2f586bea7512fda52756ae2156597.png,2019-04-06 19:49:58,2019-04-06 19:49:58,1500,1300
2,3,BLG_Andrew-G.-River-Sample_09.13.12.png,2019-04-07 12:23:38,2019-04-07 12:23:38,532,346
3,4,BLG_Andrew-G.-River-Sample_09.13.12.png,2019-04-07 15:15:16,2019-04-07 15:15:16,532,346
4,5,def0519bf0833262651636ce2d5705d1.png,2019-04-07 15:23:50,2019-04-07 15:23:50,500,500
5,6,kawauso92304.jpg,2019-04-07 19:34:48,2019-04-07 19:34:48,500,500
6,7,43f20d5b5465f909dec8d1bce83e834c.jpg,2019-04-07 19:36:12,2019-04-07 19:36:12,500,500
8,8,kawauso92304.jpg,2019-04-07 20:21:46,2019-04-07 20:21:46,700,500
9,8,eco-friendly-packaging-500x300.jpg,2019-04-07 20:21:46,2019-04-07 20:21:46,700,500
11,9,背景用.png,2019-04-08 14:42:59,2019-04-08 14:42:59,500,500
12,9,no_image.png,2019-04-08 14:42:59,2019-04-08 14:42:59,500,500
13,10,45577625-赤のスタンプです_イラストやアイコン_本文サンプル_.jpg,2019-04-14 14:49:37,2019-04-14 14:49:37,500,500
14,11,45577625-赤のスタンプです_イラストやアイコン_本文サンプル_.jpg,2019-04-14 15:04:57,2019-04-14 15:04:57,500,500
15,12,2016-12-21-k2.png,2019-04-14 15:06:42,2019-04-14 15:06:42,500,500
16,13,45577625-赤のスタンプです_イラストやアイコン_本文サンプル_.jpg,2019-04-14 15:55:23,2019-04-14 15:55:23,500,500
17,14,スクリーンショット.png,2019-04-14 16:01:57,2019-04-14 16:01:57,500,500
18,16,45577625-赤のスタンプです_イラストやアイコン_本文サンプル_.jpg,2019-04-18 07:49:48,2019-04-18 07:49:48,500,500
19,17,サンプル画像.jpg,2019-04-18 08:24:43,2019-04-18 08:24:43,500,500
20,17,45577625-赤のスタンプです_イラストやアイコン_本文サンプル_.jpg,2019-04-18 08:24:44,2019-04-18 08:24:44,500,500
27,8,BLG_Andrew-G.-River-Sample_09.13.12.png,2019-04-18 18:37:48,2019-04-18 18:37:48,532,346
29,19,Early_Bird_Giveaways.png,2019-04-18 23:08:24,2019-04-18 23:08:24,500,500
31,21,BLG_Andrew-G.-River-Sample_09.13.12.png,2019-04-19 07:47:12,2019-04-19 07:47:12,532,346
34,23,45577625-赤のスタンプです_イラストやアイコン_本文サンプル_.jpg,2019-04-20 18:49:50,2019-04-20 18:49:50,1300,1300
35,25,45577625-赤のスタンプです_イラストやアイコン_本文サンプル_.jpg,2019-04-20 18:49:50,2019-04-20 18:49:50,1300,1300
36,26,45577625-赤のスタンプです_イラストやアイコン_本文サンプル_.jpg,2019-04-20 18:49:50,2019-04-20 18:49:50,1300,1300
37,23,45577625-赤のスタンプです_イラストやアイコン_本文サンプル_.jpg,2019-04-20 18:49:50,2019-04-20 18:49:50,1300,1300
38,28,45577625-赤のスタンプです_イラストやアイコン_本文サンプル_.jpg,2019-04-20 18:49:50,2019-04-20 18:49:50,1300,1300
39,29,45577625-赤のスタンプです_イラストやアイコン_本文サンプル_.jpg,2019-04-20 18:49:50,2019-04-20 18:49:50,1300,1300
40,30,45577625-赤のスタンプです_イラストやアイコン_本文サンプル_.jpg,2019-04-20 18:49:50,2019-04-20 18:49:50,1300,1300
41,23,45577625-赤のスタンプです_イラストやアイコン_本文サンプル_.jpg,2019-04-20 18:49:50,2019-04-20 18:49:50,1300,1300
42,23,45577625-赤のスタンプです_イラストやアイコン_本文サンプル_.jpg,2019-04-20 18:49:50,2019-04-20 18:49:50,1300,1300
43,23,45577625-赤のスタンプです_イラストやアイコン_本文サンプル_.jpg,2019-04-20 18:49:50,2019-04-20 18:49:50,1300,1300
45,25,45577625-赤のスタンプです_イラストやアイコン_本文サンプル_.jpg,2019-04-20 18:49:50,2019-04-20 18:49:50,1300,1300
46,26,45577625-赤のスタンプです_イラストやアイコン_本文サンプル_.jpg,2019-04-20 18:49:50,2019-04-20 18:49:50,1300,1300
48,28,45577625-赤のスタンプです_イラストやアイコン_本文サンプル_.jpg,2019-04-20 18:49:50,2019-04-20 18:49:50,1300,1300
49,29,45577625-赤のスタンプです_イラストやアイコン_本文サンプル_.jpg,2019-04-20 18:49:50,2019-04-20 18:49:50,1300,1300
50,30,45577625-赤のスタンプです_イラストやアイコン_本文サンプル_.jpg,2019-04-20 18:49:50,2019-04-20 18:49:50,1300,1300
51,31,45577625-赤のスタンプです_イラストやアイコン_本文サンプル_.jpg,2019-04-20 18:49:50,2019-04-20 18:49:50,1300,1300
52,32,45577625-赤のスタンプです_イラストやアイコン_本文サンプル_.jpg,2019-04-20 18:49:50,2019-04-20 18:49:50,1300,1300
53,33,45577625-赤のスタンプです_イラストやアイコン_本文サンプル_.jpg,2019-04-20 18:49:50,2019-04-20 18:49:50,1300,1300
54,34,45577625-赤のスタンプです_イラストやアイコン_本文サンプル_.jpg,2019-04-20 18:49:50,2019-04-20 18:49:50,1300,1300
55,35,45577625-赤のスタンプです_イラストやアイコン_本文サンプル_.jpg,2019-04-20 18:49:50,2019-04-20 18:49:50,1300,1300
56,36,45577625-赤のスタンプです_イラストやアイコン_本文サンプル_.jpg,2019-04-20 18:49:50,2019-04-20 18:49:50,1300,1300
57,37,45577625-赤のスタンプです_イラストやアイコン_本文サンプル_.jpg,2019-04-20 18:49:50,2019-04-20 18:49:50,1300,1300
58,38,45577625-赤のスタンプです_イラストやアイコン_本文サンプル_.jpg,2019-04-20 18:49:50,2019-04-20 18:49:50,1300,1300
59,39,45577625-赤のスタンプです_イラストやアイコン_本文サンプル_.jpg,2019-04-20 18:49:50,2019-04-20 18:49:50,1300,1300
60,40,45577625-赤のスタンプです_イラストやアイコン_本文サンプル_.jpg,2019-04-20 18:49:50,2019-04-20 18:49:50,1300,1300
61,41,45577625-赤のスタンプです_イラストやアイコン_本文サンプル_.jpg,2019-04-20 18:49:50,2019-04-20 18:49:50,1300,1300
62,42,45577625-赤のスタンプです_イラストやアイコン_本文サンプル_.jpg,2019-04-20 18:49:50,2019-04-20 18:49:50,1300,1300
63,43,45577625-赤のスタンプです_イラストやアイコン_本文サンプル_.jpg,2019-04-20 18:49:50,2019-04-20 18:49:50,1300,1300
64,44,45577625-赤のスタンプです_イラストやアイコン_本文サンプル_.jpg,2019-04-20 18:49:50,2019-04-20 18:49:50,1300,1300
65,45,45577625-赤のスタンプです_イラストやアイコン_本文サンプル_.jpg,2019-04-20 18:49:50,2019-04-20 18:49:50,1300,1300
66,46,45577625-赤のスタンプです_イラストやアイコン_本文サンプル_.jpg,2019-04-20 18:49:50,2019-04-20 18:49:50,1300,1300
67,47,45577625-赤のスタンプです_イラストやアイコン_本文サンプル_.jpg,2019-04-20 18:49:50,2019-04-20 18:49:50,1300,1300
68,48,45577625-赤のスタンプです_イラストやアイコン_本文サンプル_.jpg,2019-04-20 18:49:50,2019-04-20 18:49:50,1300,1300
69,49,45577625-赤のスタンプです_イラストやアイコン_本文サンプル_.jpg,2019-04-20 18:49:50,2019-04-20 18:49:50,1300,1300
70,50,45577625-赤のスタンプです_イラストやアイコン_本文サンプル_.jpg,2019-04-20 18:49:50,2019-04-20 18:49:50,1300,1300
71,51,45577625-赤のスタンプです_イラストやアイコン_本文サンプル_.jpg,2019-04-20 18:49:50,2019-04-20 18:49:50,1300,1300
72,52,45577625-赤のスタンプです_イラストやアイコン_本文サンプル_.jpg,2019-04-20 18:49:50,2019-04-20 18:49:50,1300,1300
73,53,45577625-赤のスタンプです_イラストやアイコン_本文サンプル_.jpg,2019-04-20 18:49:50,2019-04-20 18:49:50,1300,1300
74,54,45577625-赤のスタンプです_イラストやアイコン_本文サンプル_.jpg,2019-04-20 18:49:50,2019-04-20 18:49:50,1300,1300
75,55,45577625-赤のスタンプです_イラストやアイコン_本文サンプル_.jpg,2019-04-20 18:49:50,2019-04-20 18:49:50,1300,1300
76,56,45577625-赤のスタンプです_イラストやアイコン_本文サンプル_.jpg,2019-04-20 18:49:50,2019-04-20 18:49:50,1300,1300
77,57,45577625-赤のスタンプです_イラストやアイコン_本文サンプル_.jpg,2019-04-20 18:49:50,2019-04-20 18:49:50,1300,1300
78,58,45577625-赤のスタンプです_イラストやアイコン_本文サンプル_.jpg,2019-04-20 18:49:50,2019-04-20 18:49:50,1300,1300
79,59,45577625-赤のスタンプです_イラストやアイコン_本文サンプル_.jpg,2019-04-20 18:49:50,2019-04-20 18:49:50,1300,1300
80,60,45577625-赤のスタンプです_イラストやアイコン_本文サンプル_.jpg,2019-04-20 18:49:50,2019-04-20 18:49:50,1300,1300
81,61,45577625-赤のスタンプです_イラストやアイコン_本文サンプル_.jpg,2019-04-20 18:49:50,2019-04-20 18:49:50,1300,1300
82,62,45577625-赤のスタンプです_イラストやアイコン_本文サンプル_.jpg,2019-04-20 18:49:50,2019-04-20 18:49:50,1300,1300
90,70,45577625-赤のスタンプです_イラストやアイコン_本文サンプル_.jpg,2019-04-20 18:49:50,2019-04-20 18:49:50,1300,1300
92,72,45577625-赤のスタンプです_イラストやアイコン_本文サンプル_.jpg,2019-04-20 18:49:50,2019-04-20 18:49:50,1300,1300
93,73,45577625-赤のスタンプです_イラストやアイコン_本文サンプル_.jpg,2019-04-20 18:49:50,2019-04-20 18:49:50,1300,1300
94,74,45577625-赤のスタンプです_イラストやアイコン_本文サンプル_.jpg,2019-04-20 18:49:50,2019-04-20 18:49:50,1300,1300
95,75,45577625-赤のスタンプです_イラストやアイコン_本文サンプル_.jpg,2019-04-20 18:49:50,2019-04-20 18:49:50,1300,1300
96,76,45577625-赤のスタンプです_イラストやアイコン_本文サンプル_.jpg,2019-04-20 18:49:50,2019-04-20 18:49:50,1300,1300
97,77,45577625-赤のスタンプです_イラストやアイコン_本文サンプル_.jpg,2019-04-20 18:49:50,2019-04-20 18:49:50,1300,1300
98,78,45577625-赤のスタンプです_イラストやアイコン_本文サンプル_.jpg,2019-04-20 18:49:50,2019-04-20 18:49:50,1300,1300
99,79,45577625-赤のスタンプです_イラストやアイコン_本文サンプル_.jpg,2019-04-20 18:49:50,2019-04-20 18:49:50,1300,1300
100,80,45577625-赤のスタンプです_イラストやアイコン_本文サンプル_.jpg,2019-04-20 18:49:50,2019-04-20 18:49:50,1300,1300
101,81,45577625-赤のスタンプです_イラストやアイコン_本文サンプル_.jpg,2019-04-20 18:49:50,2019-04-20 18:49:50,1300,1300
102,82,45577625-赤のスタンプです_イラストやアイコン_本文サンプル_.jpg,2019-04-20 18:49:50,2019-04-20 18:49:50,1300,1300
103,83,45577625-赤のスタンプです_イラストやアイコン_本文サンプル_.jpg,2019-04-20 18:49:50,2019-04-20 18:49:50,1300,1300
104,84,45577625-赤のスタンプです_イラストやアイコン_本文サンプル_.jpg,2019-04-20 18:49:50,2019-04-20 18:49:50,1300,1300
105,85,45577625-赤のスタンプです_イラストやアイコン_本文サンプル_.jpg,2019-04-20 18:49:50,2019-04-20 18:49:50,1300,1300
112,92,45577625-赤のスタンプです_イラストやアイコン_本文サンプル_.jpg,2019-04-20 18:49:50,2019-04-20 18:49:50,1300,1300
113,93,45577625-赤のスタンプです_イラストやアイコン_本文サンプル_.jpg,2019-04-20 18:49:50,2019-04-20 18:49:50,1300,1300
114,94,45577625-赤のスタンプです_イラストやアイコン_本文サンプル_.jpg,2019-04-20 18:49:50,2019-04-20 18:49:50,1300,1300
